{
    "TTT": 0.17130144605116795,
    "TTC": 1.0,
    "TTA": 0.0136,
    "TTG": 0.3456,
    "CTT": 0.34080000000000005,
    "CTC": 1.0,
    "CTA": 0.07680000000000001,
    "CTG": 0.4232,
    "ATT": 0.34466769706336936,
    "ATC": 1.0,
    "ATA": 0.024729520865533226,
    "ATG": 1.0,
    "GTT": 0.35145385587863465,
    "GTC": 1.0,
    "GTA": 0.06763590391908976,
    "GTG": 0.1359039190897598,
    "TCT": 0.5723076923076923,
    "TCC": 1.0,
    "TCA": 0.3353846153846154,
    "TCG": 0.6076923076923076,
    "AGT": 0.25384615384615383,
    "AGC": 0.6646153846153846,
    "CCT": 0.5132837407013815,
    "CCC": 1.0,
    "CCA": 0.18703506907545164,
    "CCG": 0.16153028692879914,
    "ACT": 0.3772563176895307,
    "ACC": 1.0,
    "ACA": 0.26895306859205775,
    "ACG": 0.1263537906137184,
    "GCT": 0.5480585614258434,
    "GCC": 1.0,
    "GCA": 0.28580521960534694,
    "GCG": 0.0967536600891152,
    "TAT": 0.12563451776649748,
    "TAC": 1.0,
    "CAT": 0.2330578512396694,
    "CAC": 1.0,
    "CAA": 0.5078698845750262,
    "CAG": 1.0,
    "AAT": 0.1302588996763754,
    "AAC": 1.0,
    "AAA": 0.09037900874635568,
    "AAG": 1.0,
    "GAT": 0.5073700543056633,
    "GAC": 1.0,
    "GAA": 0.35056818181818183,
    "GAG": 1.0,
    "TGT": 0.32231404958677684,
    "TGC": 1.0,
    "TGG": 1.0,
    "CGT": 0.6417253521126761,
    "CGC": 1.0,
    "CGA": 0.0880281690140845,
    "CGG": 0.02376760563380282,
    "AGA": 0.4102112676056338,
    "AGG": 0.10387323943661972,
    "GGT": 1.0,
    "GGC": 0.826431718061674,
    "GGA": 0.2916299559471366,
    "GGG": 0.033480176211453744
}