{
    "TTT": 0.3829471328750061,
    "TTC": 1.0,
    "TTA": 0.12659791036733226,
    "TTG": 0.6719905397718767,
    "CTT": 0.6489761398676765,
    "CTC": 1.0,
    "CTA": 0.28299104870819985,
    "CTG": 0.7143295512379128,
    "ATT": 0.49173368934744427,
    "ATC": 1.0,
    "ATA": 0.1813727714013519,
    "ATG": 1.0,
    "GTT": 0.5096165675620259,
    "GTC": 1.0,
    "GTA": 0.2484177431481102,
    "GTG": 0.40558403390062203,
    "TCT": 1.0,
    "TCC": 0.895147576117595,
    "TCA": 0.8058331586181191,
    "TCG": 0.8320054977054069,
    "AGT": 0.6193537866610758,
    "AGC": 0.9477717986348918,
    "CCT": 1.0,
    "CCC": 0.8007201271713941,
    "CCA": 0.6716335012353245,
    "CCG": 0.44750349529810585,
    "ACT": 0.7856207970393103,
    "ACC": 1.0,
    "ACA": 0.7159272464683847,
    "ACG": 0.4027530802906531,
    "GCT": 0.953209172451036,
    "GCC": 1.0,
    "GCA": 0.7340463364197938,
    "GCG": 0.3322576821253112,
    "TAT": 0.4795796007617973,
    "TAC": 1.0,
    "CAT": 0.7339133953864831,
    "CAC": 1.0,
    "CAA": 1.0,
    "CAG": 0.9657552071648434,
    "AAT": 0.4664259187365861,
    "AAC": 1.0,
    "AAA": 0.4129311790383565,
    "AAG": 1.0,
    "GAT": 0.788654731336749,
    "GAC": 1.0,
    "GAA": 0.7689907105478424,
    "GAG": 1.0,
    "TGT": 0.6886842303917868,
    "TGC": 1.0,
    "TGG": 1.0,
    "CGT": 0.7021050466264399,
    "CGC": 1.0,
    "CGA": 0.44831093435728653,
    "CGG": 0.1669066556957396,
    "AGA": 0.815779850063997,
    "AGG": 0.3470812762845127,
    "GGT": 0.8951879331688047,
    "GGC": 1.0,
    "GGA": 0.6327517011361934,
    "GGG": 0.1711386376717891
}